Splice_events,10068767
226_408,0.057926829268292686
226_525,0.001524390243902439
226_741,0.001524390243902439
880_3357,0.014481707317073171
880_2708,0.004573170731707317
880_3390,0.003048780487804878
226_Unspliced 5p,0.12271341463414634
880_Unspliced 5p,0.07850609756097561
Unspliced 3p_408,0.09375
Unspliced 3p_525,0.23323170731707318
Unspliced 3p_741,0.16082317073170732
Unspliced 3p_2708,0.1402439024390244
Unspliced 3p_3390,0.08765243902439024
